ECU:temp:info:available,ECU:temp:info:missionSel,ECU:temp:info:missionAck,ECU:temp:info:startup,ECU:temp:info:shutdown,ECU:accu:sensor:charge,ECU:accu:sensor:temp,velocity,ECU:error:info:icon,ECU:error:info:message
FALSE,,,,,,,,,
FALSE,,,,,,,,,
FALSE,,,,,,,,,
FALSE,,,,,,,,,
FALSE,,,,,,,,,
FALSE,,,,,,,,,
FALSE,,,,,,,,,
FALSE,,,,,,,,,
FALSE,,,,,,,,,
FALSE,,,,,,,,,
FALSE,,,,,,,,,
FALSE,,,,,,,,,
FALSE,,,,,,,,,
FALSE,,,,,,,,,
FALSE,,,,,,,,,
FALSE,,,,,,,,,
FALSE,,,,,,,,,
FALSE,,,,,,,,,
FALSE,,,,,,,,,
FALSE,,,,,,,,,
FALSE,,,,,,,,,
FALSE,,,,,,,,,
FALSE,,,,,,,,,
FALSE,,,,,,,,,
FALSE,,,,,,,,,
FALSE,,,,,,,,,
FALSE,,,,,,,,,
FALSE,,,,,,,,,
FALSE,,,,,,,,,
FALSE,,,,,,,,,
FALSE,,,,,,,,,
FALSE,,,,,,,,,
FALSE,,,,,,,,,
FALSE,,,,,,,,,
FALSE,,,,,,,,,
FALSE,,,,,,,,,
FALSE,,,,,,,,,
FALSE,,,,,,,,,
FALSE,,,,,,,,,
FALSE,,,,,,,,,
TRUE,,,FALSE,FALSE,,,,,
TRUE,,,FALSE,FALSE,,,,,
TRUE,,,FALSE,FALSE,,,,,
TRUE,,,FALSE,FALSE,,,,,
TRUE,,,FALSE,FALSE,,,,,
TRUE,,,FALSE,FALSE,,,,,
TRUE,,,FALSE,FALSE,,,,,
TRUE,,,FALSE,FALSE,,,,,
TRUE,,,FALSE,FALSE,,,,,
TRUE,,,FALSE,FALSE,,,,,
TRUE,,,FALSE,FALSE,,,,,
TRUE,,,FALSE,FALSE,,,,,
TRUE,,,FALSE,FALSE,,,,,
TRUE,,,FALSE,FALSE,,,,,
TRUE,,,FALSE,FALSE,,,,,
TRUE,,,FALSE,FALSE,,,,,
TRUE,,,FALSE,FALSE,,,,,
TRUE,,,FALSE,FALSE,,,,,
TRUE,,,FALSE,FALSE,,,,,
TRUE,,,FALSE,FALSE,,,,,
TRUE,,,FALSE,FALSE,,,,,
TRUE,,,FALSE,FALSE,,,,,
TRUE,,,FALSE,FALSE,,,,,
TRUE,,,FALSE,FALSE,,,,,
TRUE,,,FALSE,FALSE,,,,,
TRUE,,,FALSE,FALSE,,,,,
TRUE,,,FALSE,FALSE,,,,,
TRUE,,,FALSE,FALSE,,,,,
TRUE,,,FALSE,FALSE,,,,,
TRUE,,,TRUE,FALSE,,,,,
TRUE,,,FALSE,FALSE,,,,,
TRUE,,,FALSE,FALSE,,,,,
TRUE,,,FALSE,FALSE,,,,,
TRUE,,,FALSE,FALSE,,,,,
TRUE,,,FALSE,FALSE,,,,,
TRUE,,,FALSE,FALSE,,,,,
TRUE,,,FALSE,FALSE,,,,,
TRUE,,,FALSE,FALSE,,,,,
TRUE,,,FALSE,FALSE,,,,,
TRUE,,,FALSE,FALSE,,,,,
TRUE,,,FALSE,FALSE,100,23,0,1,Beginn test sequence
TRUE,,,FALSE,FALSE,100,23,0,2,
TRUE,,,FALSE,FALSE,100,23,0,3,
TRUE,,,FALSE,FALSE,100,23,0,4,
TRUE,,,FALSE,FALSE,100,23,0,5,
TRUE,,,FALSE,FALSE,100,23,0,6,
TRUE,,,FALSE,FALSE,100,23,0,,
TRUE,,,FALSE,FALSE,100,23,0,,
TRUE,,,FALSE,FALSE,100,23,0,,
TRUE,,,FALSE,FALSE,100,23,1,,
TRUE,,,FALSE,FALSE,99,23,2,,
TRUE,,,FALSE,FALSE,99,23,3,,
TRUE,,,FALSE,FALSE,99,23,4,,
TRUE,,,FALSE,FALSE,99,23,5,,
TRUE,,,FALSE,FALSE,99,23,6,,
TRUE,,,FALSE,FALSE,99,23,7,,
TRUE,,,FALSE,FALSE,99,23,8,,
TRUE,,,FALSE,FALSE,99,23,9,,
TRUE,,,FALSE,FALSE,99,23,10,,
TRUE,,,FALSE,FALSE,99,23,11,,
TRUE,,,FALSE,FALSE,98,24,12,,
TRUE,,,FALSE,FALSE,98,24,13,,
TRUE,,,FALSE,FALSE,98,24,14,,
TRUE,,,FALSE,FALSE,98,24,15,,
TRUE,,,FALSE,FALSE,98,24,16,,
TRUE,,,FALSE,FALSE,98,24,17,,
TRUE,,,FALSE,FALSE,98,24,18,,
TRUE,,,FALSE,FALSE,98,24,19,,
TRUE,,,FALSE,FALSE,98,24,20,,
TRUE,,,FALSE,FALSE,98,24,21,,
TRUE,,,FALSE,FALSE,97,24,22,,
TRUE,,,FALSE,FALSE,97,24,23,,
TRUE,,,FALSE,FALSE,97,24,24,,
TRUE,,,FALSE,FALSE,97,24,25,,
TRUE,,,FALSE,FALSE,97,24,26,,
TRUE,,,FALSE,FALSE,97,24,27,,
TRUE,,,FALSE,FALSE,97,24,28,,
TRUE,,,FALSE,FALSE,97,24,29,,
TRUE,,,FALSE,FALSE,97,24,30,,
TRUE,,,FALSE,FALSE,97,24,31,,
TRUE,,,FALSE,FALSE,96,25,32,,
TRUE,,,FALSE,FALSE,96,25,33,,
TRUE,,,FALSE,FALSE,96,25,34,,
TRUE,,,FALSE,FALSE,96,25,35,,
TRUE,,,FALSE,FALSE,96,25,36,,
TRUE,,,FALSE,FALSE,96,25,37,,
TRUE,,,FALSE,FALSE,96,25,38,,
TRUE,,,FALSE,FALSE,96,25,39,,
TRUE,,,FALSE,FALSE,96,25,40,,
TRUE,,,FALSE,FALSE,96,25,41,,
TRUE,,,FALSE,FALSE,95,25,42,,
TRUE,,,FALSE,FALSE,95,25,43,,
TRUE,,,FALSE,FALSE,95,25,44,,
TRUE,,,FALSE,FALSE,95,25,45,,
TRUE,,,FALSE,FALSE,95,25,46,,
TRUE,,,FALSE,FALSE,95,26,47,,
TRUE,,,FALSE,FALSE,95,26,48,,
TRUE,,,FALSE,FALSE,95,26,49,,
TRUE,,,FALSE,FALSE,95,26,50,,
TRUE,,,FALSE,FALSE,95,26,51,,
TRUE,,,FALSE,FALSE,94,26,52,,
TRUE,,,FALSE,FALSE,94,26,53,,
TRUE,,,FALSE,FALSE,94,26,54,,
TRUE,,,FALSE,FALSE,94,26,55,,
TRUE,,,FALSE,FALSE,94,26,56,,
TRUE,,,FALSE,FALSE,94,26,57,,
TRUE,,,FALSE,FALSE,94,26,58,,
TRUE,,,FALSE,FALSE,94,26,59,,
TRUE,,,FALSE,FALSE,94,26,60,,
TRUE,,,FALSE,FALSE,94,26,61,,
TRUE,,,FALSE,FALSE,93,27,62,,
TRUE,,,FALSE,FALSE,93,27,63,,
TRUE,,,FALSE,FALSE,93,27,64,,
TRUE,,,FALSE,FALSE,93,27,65,,
TRUE,,,FALSE,FALSE,93,27,66,,
TRUE,,,FALSE,FALSE,93,27,67,,
TRUE,,,FALSE,FALSE,93,27,68,,
TRUE,,,FALSE,FALSE,93,27,69,,
TRUE,,,FALSE,FALSE,93,27,70,,
TRUE,,,FALSE,FALSE,93,27,71,,
TRUE,,,FALSE,FALSE,92,27,72,,
TRUE,,,FALSE,FALSE,92,27,73,,
TRUE,,,FALSE,FALSE,92,27,74,,
TRUE,,,FALSE,FALSE,92,27,75,,
TRUE,,,FALSE,FALSE,92,27,76,,
TRUE,,,FALSE,FALSE,92,28,77,,
TRUE,,,FALSE,FALSE,92,28,78,,
TRUE,,,FALSE,FALSE,92,28,79,,
TRUE,,,FALSE,FALSE,92,28,80,,
TRUE,,,FALSE,FALSE,92,28,81,,
TRUE,,,FALSE,FALSE,91,28,82,,
TRUE,,,FALSE,FALSE,91,28,83,,
TRUE,,,FALSE,FALSE,91,28,84,,
TRUE,,,FALSE,FALSE,91,28,85,,
TRUE,,,FALSE,FALSE,91,28,86,,
TRUE,,,FALSE,FALSE,91,28,87,,
TRUE,,,FALSE,FALSE,91,28,88,,
TRUE,,,FALSE,FALSE,91,28,89,,
TRUE,,,FALSE,FALSE,91,28,90,,
TRUE,,,FALSE,FALSE,91,28,91,,
TRUE,,,FALSE,FALSE,90,29,92,,
TRUE,,,FALSE,FALSE,90,29,93,,
TRUE,,,FALSE,FALSE,90,29,94,,
TRUE,,,FALSE,FALSE,90,29,95,,
TRUE,,,FALSE,FALSE,90,29,96,,
TRUE,,,FALSE,FALSE,90,29,97,,
TRUE,,,FALSE,FALSE,90,29,98,,
TRUE,,,FALSE,FALSE,90,29,99,,
TRUE,,,FALSE,FALSE,90,29,100,,
TRUE,,,FALSE,FALSE,90,29,99,,
TRUE,,,FALSE,FALSE,89,30,98,,
TRUE,,,FALSE,FALSE,89,30,97,,
TRUE,,,FALSE,FALSE,89,30,96,,
TRUE,,,FALSE,FALSE,89,30,95,,
TRUE,,,FALSE,FALSE,89,30,94,,
TRUE,,,FALSE,FALSE,89,30,93,,
TRUE,,,FALSE,FALSE,89,30,92,,
TRUE,,,FALSE,FALSE,89,30,91,,
TRUE,,,FALSE,FALSE,89,30,90,,
TRUE,,,FALSE,FALSE,89,30,89,,
TRUE,,,FALSE,FALSE,88,31,88,,
TRUE,,,FALSE,FALSE,88,31,87,,
TRUE,,,FALSE,FALSE,88,31,86,,
TRUE,,,FALSE,FALSE,88,31,85,,
TRUE,,,FALSE,FALSE,88,31,84,,
TRUE,,,FALSE,FALSE,88,31,83,,
TRUE,,,FALSE,FALSE,88,31,82,,
TRUE,,,FALSE,FALSE,88,31,81,,
TRUE,,,FALSE,FALSE,88,31,80,,
TRUE,,,FALSE,FALSE,88,31,78,,
TRUE,,,FALSE,FALSE,87,32,76,,
TRUE,,,FALSE,FALSE,87,32,74,,
TRUE,,,FALSE,FALSE,87,32,72,,
TRUE,,,FALSE,FALSE,87,32,70,,
TRUE,,,FALSE,FALSE,87,32,65,,
TRUE,,,FALSE,FALSE,87,32,60,,
TRUE,,,FALSE,FALSE,87,32,55,,
TRUE,,,FALSE,FALSE,87,32,50,,
TRUE,,,FALSE,FALSE,87,32,50,,
TRUE,,,FALSE,FALSE,87,32,50,,
TRUE,,,FALSE,FALSE,86,33,50,,
TRUE,,,FALSE,FALSE,86,33,50,,
TRUE,,,FALSE,FALSE,86,33,50,,
TRUE,,,FALSE,FALSE,86,33,50,,
TRUE,,,FALSE,FALSE,86,33,50,,
TRUE,,,FALSE,FALSE,86,33,50,,
TRUE,,,FALSE,FALSE,86,33,50,,
TRUE,,,FALSE,FALSE,86,33,50,,
TRUE,,,FALSE,FALSE,86,33,50,,
TRUE,,,FALSE,FALSE,86,33,50,,
TRUE,,,FALSE,FALSE,85,34,50,,
TRUE,,,FALSE,FALSE,85,34,50,,
TRUE,,,FALSE,FALSE,85,34,50,,
TRUE,,,FALSE,FALSE,85,34,50,,
TRUE,,,FALSE,FALSE,85,34,50,,
TRUE,,,FALSE,FALSE,85,35,50,,
TRUE,,,FALSE,FALSE,85,35,50,,
TRUE,,,FALSE,FALSE,85,35,50,,
TRUE,,,FALSE,FALSE,85,35,50,,
TRUE,,,FALSE,FALSE,85,35,50,,
TRUE,,,FALSE,FALSE,84,36,51,,
TRUE,,,FALSE,FALSE,84,36,52,,
TRUE,,,FALSE,FALSE,84,36,53,,
TRUE,,,FALSE,FALSE,84,36,54,,
TRUE,,,FALSE,FALSE,84,36,55,,
TRUE,,,FALSE,FALSE,84,37,56,,
TRUE,,,FALSE,FALSE,84,37,57,,
TRUE,,,FALSE,FALSE,84,37,58,,
TRUE,,,FALSE,FALSE,84,37,59,,
TRUE,,,FALSE,FALSE,84,37,60,,
TRUE,,,FALSE,FALSE,83,38,61,,
TRUE,,,FALSE,FALSE,83,38,62,,
TRUE,,,FALSE,FALSE,83,38,63,,
TRUE,,,FALSE,FALSE,83,38,64,,
TRUE,,,FALSE,FALSE,83,38,65,,
TRUE,,,FALSE,FALSE,83,39,66,,
TRUE,,,FALSE,FALSE,83,39,67,,
TRUE,,,FALSE,FALSE,83,39,68,,
TRUE,,,FALSE,FALSE,83,39,69,,
TRUE,,,FALSE,FALSE,83,39,70,,
TRUE,,,FALSE,FALSE,82,40,71,,
TRUE,,,FALSE,FALSE,82,40,72,,
TRUE,,,FALSE,FALSE,82,40,73,,
TRUE,,,FALSE,FALSE,82,40,74,,
TRUE,,,FALSE,FALSE,82,40,75,,
TRUE,,,FALSE,FALSE,82,41,76,,
TRUE,,,FALSE,FALSE,82,41,77,,
TRUE,,,FALSE,FALSE,82,41,78,,
TRUE,,,FALSE,FALSE,82,41,79,,
TRUE,,,FALSE,FALSE,82,41,80,,
TRUE,,,FALSE,FALSE,81,42,81,,
TRUE,,,FALSE,FALSE,81,42,82,,
TRUE,,,FALSE,FALSE,81,42,83,,
TRUE,,,FALSE,FALSE,81,42,84,,
TRUE,,,FALSE,FALSE,81,42,85,,
TRUE,,,FALSE,FALSE,81,43,86,,
TRUE,,,FALSE,FALSE,81,43,87,,
TRUE,,,FALSE,FALSE,81,43,88,,
TRUE,,,FALSE,FALSE,81,43,89,,
TRUE,,,FALSE,FALSE,81,43,90,,
TRUE,,,FALSE,FALSE,80,44,91,,
TRUE,,,FALSE,FALSE,80,44,92,,
TRUE,,,FALSE,FALSE,80,44,93,,
TRUE,,,FALSE,FALSE,80,45,94,,
TRUE,,,FALSE,FALSE,80,45,95,,
TRUE,,,FALSE,FALSE,80,45,96,,
TRUE,,,FALSE,FALSE,80,46,97,,
TRUE,,,FALSE,FALSE,80,46,98,,
TRUE,,,FALSE,FALSE,80,46,99,,
TRUE,,,FALSE,FALSE,80,47,100,,
TRUE,,,FALSE,FALSE,79,47,101,,
TRUE,,,FALSE,FALSE,79,47,102,,
TRUE,,,FALSE,FALSE,79,48,103,,
TRUE,,,FALSE,FALSE,79,48,104,,
TRUE,,,FALSE,FALSE,79,48,105,,
TRUE,,,FALSE,FALSE,79,49,106,,
TRUE,,,FALSE,FALSE,79,49,107,,
TRUE,,,FALSE,FALSE,79,49,108,,
TRUE,,,FALSE,FALSE,79,50,109,,
TRUE,,,FALSE,FALSE,79,50,110,,
TRUE,,,FALSE,FALSE,78,50,111,,
TRUE,,,FALSE,FALSE,78,51,112,,
TRUE,,,FALSE,FALSE,78,51,113,,
TRUE,,,FALSE,FALSE,78,51,114,,
TRUE,,,FALSE,FALSE,78,52,115,,
TRUE,,,FALSE,FALSE,78,52,116,,
TRUE,,,FALSE,FALSE,78,52,117,,
TRUE,,,FALSE,FALSE,78,53,118,,
TRUE,,,FALSE,FALSE,78,53,119,,
TRUE,,,FALSE,FALSE,78,53,120,,
TRUE,,,FALSE,FALSE,77,54,121,,
TRUE,,,FALSE,FALSE,77,54,122,,
TRUE,,,FALSE,FALSE,77,55,123,,
TRUE,,,FALSE,FALSE,77,55,124,,
TRUE,,,FALSE,FALSE,77,56,125,,
TRUE,,,FALSE,FALSE,77,56,126,,
TRUE,,,FALSE,FALSE,77,57,127,,
TRUE,,,FALSE,FALSE,77,57,128,,
TRUE,,,FALSE,FALSE,77,58,129,,
TRUE,,,FALSE,FALSE,77,58,130,,
TRUE,,,FALSE,FALSE,76,59,130,,
TRUE,,,FALSE,FALSE,76,59,130,,
TRUE,,,FALSE,FALSE,76,60,130,,
TRUE,,,FALSE,FALSE,76,60,130,,
TRUE,,,FALSE,FALSE,76,61,130,,
TRUE,,,FALSE,FALSE,76,61,130,,
TRUE,,,FALSE,FALSE,76,62,130,,
TRUE,,,FALSE,FALSE,76,62,130,,
TRUE,,,FALSE,FALSE,76,63,130,,
TRUE,,,FALSE,FALSE,76,63,130,,
TRUE,,,FALSE,FALSE,75,64,130,,
TRUE,,,FALSE,FALSE,75,65,130,,
TRUE,,,FALSE,FALSE,75,66,130,,
TRUE,,,FALSE,FALSE,75,67,130,,
TRUE,,,FALSE,FALSE,75,68,130,,
TRUE,,,FALSE,FALSE,75,69,130,,
TRUE,,,FALSE,FALSE,75,70,130,,
TRUE,,,FALSE,FALSE,75,71,130,,
TRUE,,,FALSE,FALSE,75,72,130,,
TRUE,,,FALSE,FALSE,75,73,130,,
TRUE,,,FALSE,FALSE,74,74,129,,
TRUE,,,FALSE,FALSE,74,74,128,,
TRUE,,,FALSE,FALSE,74,75,127,,
TRUE,,,FALSE,FALSE,74,75,126,,
TRUE,,,FALSE,FALSE,74,76,125,,
TRUE,,,FALSE,FALSE,74,76,124,,
TRUE,,,FALSE,FALSE,74,77,123,,
TRUE,,,FALSE,FALSE,74,77,122,,
TRUE,,,FALSE,FALSE,74,78,121,,
TRUE,,,FALSE,FALSE,74,78,120,,
TRUE,,,FALSE,FALSE,73,79,119,,
TRUE,,,FALSE,FALSE,73,79,118,,
TRUE,,,FALSE,FALSE,73,79,117,,
TRUE,,,FALSE,FALSE,73,80,116,,
TRUE,,,FALSE,FALSE,73,80,115,,
TRUE,,,FALSE,FALSE,73,80,114,,
TRUE,,,FALSE,FALSE,73,81,113,,
TRUE,,,FALSE,FALSE,73,81,112,,
TRUE,,,FALSE,FALSE,73,81,111,,
TRUE,,,FALSE,FALSE,73,82,110,,
TRUE,,,FALSE,FALSE,72,82,109,,
TRUE,,,FALSE,FALSE,72,82,108,,
TRUE,,,FALSE,FALSE,72,83,107,,
TRUE,,,FALSE,FALSE,72,83,106,,
TRUE,,,FALSE,FALSE,72,83,105,,
TRUE,,,FALSE,FALSE,72,84,104,,
TRUE,,,FALSE,FALSE,72,84,103,,
TRUE,,,FALSE,FALSE,72,84,102,,
TRUE,,,FALSE,FALSE,72,84,101,,
TRUE,,,FALSE,FALSE,72,84,100,,
TRUE,,,FALSE,FALSE,71,85,99,,
TRUE,,,FALSE,FALSE,71,85,98,,
TRUE,,,FALSE,FALSE,71,85,97,,
TRUE,,,FALSE,FALSE,71,85,96,,
TRUE,,,FALSE,FALSE,71,85,95,,
TRUE,,,FALSE,FALSE,71,86,94,,
TRUE,,,FALSE,FALSE,71,86,93,,
TRUE,,,FALSE,FALSE,71,86,92,,
TRUE,,,FALSE,FALSE,71,86,91,,
TRUE,,,FALSE,FALSE,71,86,90,,
TRUE,,,FALSE,FALSE,70,87,89,,
TRUE,,,FALSE,FALSE,70,87,88,,
TRUE,,,FALSE,FALSE,70,87,87,,
TRUE,,,FALSE,FALSE,70,87,86,,
TRUE,,,FALSE,FALSE,70,87,85,,
TRUE,,,FALSE,FALSE,70,88,84,,
TRUE,,,FALSE,FALSE,70,88,83,,
TRUE,,,FALSE,FALSE,70,88,82,,
TRUE,,,FALSE,FALSE,70,88,81,,
TRUE,,,FALSE,FALSE,70,88,80,,
TRUE,,,FALSE,FALSE,69,89,79,,
TRUE,,,FALSE,FALSE,69,89,78,,
TRUE,,,FALSE,FALSE,69,89,77,,
TRUE,,,FALSE,FALSE,69,89,76,,
TRUE,,,FALSE,FALSE,69,89,75,,
TRUE,,,FALSE,FALSE,69,89,74,,
TRUE,,,FALSE,FALSE,69,89,73,,
TRUE,,,FALSE,FALSE,69,89,72,,
TRUE,,,FALSE,FALSE,69,89,71,,
TRUE,,,FALSE,FALSE,69,89,70,,
TRUE,,,FALSE,FALSE,68,90,69,,
TRUE,,,FALSE,FALSE,68,90,68,,
TRUE,,,FALSE,FALSE,68,90,67,,
TRUE,,,FALSE,FALSE,68,90,66,,
TRUE,,,FALSE,FALSE,68,90,65,,
TRUE,,,FALSE,FALSE,68,90,64,,
TRUE,,,FALSE,FALSE,68,90,63,,
TRUE,,,FALSE,FALSE,68,90,62,,
TRUE,,,FALSE,FALSE,68,90,61,,
TRUE,,,FALSE,FALSE,68,90,60,,
TRUE,,,FALSE,FALSE,67,91,59,,
TRUE,,,FALSE,FALSE,67,91,58,,
TRUE,,,FALSE,FALSE,67,91,57,,
TRUE,,,FALSE,FALSE,67,91,56,,
TRUE,,,FALSE,FALSE,67,91,55,,
TRUE,,,FALSE,FALSE,67,91,54,,
TRUE,,,FALSE,FALSE,67,91,53,,
TRUE,,,FALSE,FALSE,67,91,52,,
TRUE,,,FALSE,FALSE,67,91,51,,
TRUE,,,FALSE,FALSE,67,91,50,,
TRUE,,,FALSE,FALSE,66,92,49,,
TRUE,,,FALSE,FALSE,66,92,48,,
TRUE,,,FALSE,FALSE,66,92,47,,
TRUE,,,FALSE,FALSE,66,92,46,,
TRUE,,,FALSE,FALSE,66,92,45,,
TRUE,,,FALSE,FALSE,66,92,44,,
TRUE,,,FALSE,FALSE,66,92,43,,
TRUE,,,FALSE,FALSE,66,92,42,,
TRUE,,,FALSE,FALSE,66,92,41,,
TRUE,,,FALSE,FALSE,66,92,40,,
TRUE,,,FALSE,FALSE,65,93,39,,
TRUE,,,FALSE,FALSE,65,93,38,,
TRUE,,,FALSE,FALSE,65,93,37,,
TRUE,,,FALSE,FALSE,65,93,36,,
TRUE,,,FALSE,FALSE,65,93,35,,
TRUE,,,FALSE,FALSE,65,93,34,,
TRUE,,,FALSE,FALSE,65,93,33,,
TRUE,,,FALSE,FALSE,65,93,32,,
TRUE,,,FALSE,FALSE,65,93,31,,
TRUE,,,FALSE,FALSE,65,93,30,,
TRUE,,,FALSE,FALSE,64,94,29,,
TRUE,,,FALSE,FALSE,64,94,28,,
TRUE,,,FALSE,FALSE,64,94,27,,
TRUE,,,FALSE,FALSE,64,94,26,,
TRUE,,,FALSE,FALSE,64,94,25,,
TRUE,,,FALSE,FALSE,64,94,24,,
TRUE,,,FALSE,FALSE,64,94,23,,
TRUE,,,FALSE,FALSE,64,94,22,,
TRUE,,,FALSE,FALSE,64,94,21,,
TRUE,,,FALSE,FALSE,64,94,20,,
TRUE,,,FALSE,FALSE,63,94,19,,
TRUE,,,FALSE,FALSE,63,94,18,,
TRUE,,,FALSE,FALSE,63,94,17,,
TRUE,,,FALSE,FALSE,63,94,16,,
TRUE,,,FALSE,FALSE,63,94,15,,
TRUE,,,FALSE,FALSE,63,94,14,,
TRUE,,,FALSE,FALSE,63,94,13,,
TRUE,,,FALSE,FALSE,63,94,12,,
TRUE,,,FALSE,FALSE,63,94,11,,
TRUE,,,FALSE,FALSE,63,94,10,,
TRUE,,,FALSE,FALSE,62,95,9,,
TRUE,,,FALSE,FALSE,62,95,8,,
TRUE,,,FALSE,FALSE,62,95,7,,
TRUE,,,FALSE,FALSE,62,95,6,,
TRUE,,,FALSE,FALSE,62,95,5,,
TRUE,,,FALSE,FALSE,62,95,4,,
TRUE,,,FALSE,FALSE,62,95,3,,
TRUE,,,FALSE,FALSE,62,95,2,,
TRUE,,,FALSE,FALSE,62,95,1,,
TRUE,,,FALSE,FALSE,62,94,0,,Test sequence finished
TRUE,,,FALSE,FALSE,62,94,0,,
TRUE,,,FALSE,FALSE,62,94,0,,
TRUE,,,FALSE,FALSE,62,94,0,,
TRUE,,,FALSE,FALSE,62,94,0,,
TRUE,,,FALSE,FALSE,62,94,0,,
TRUE,,,FALSE,FALSE,62,94,0,,
TRUE,,,FALSE,FALSE,62,94,0,,
TRUE,,,FALSE,FALSE,62,94,0,,
TRUE,,,FALSE,FALSE,62,94,0,,
TRUE,,,FALSE,FALSE,62,94,0,,
TRUE,0,0,FALSE,FALSE,,,,,
TRUE,,,FALSE,FALSE,,,,,
TRUE,,,FALSE,FALSE,,,,,
TRUE,,,FALSE,FALSE,,,,,
TRUE,,,FALSE,FALSE,,,,,
TRUE,,,FALSE,FALSE,,,,,
TRUE,,,FALSE,FALSE,,,,,
TRUE,,,FALSE,FALSE,,,,,
TRUE,,,FALSE,FALSE,,,,,
TRUE,,,FALSE,FALSE,,,,,
TRUE,1,,FALSE,FALSE,,,,,
TRUE,,,FALSE,FALSE,,,,,
TRUE,,,FALSE,FALSE,,,,,
TRUE,,,FALSE,FALSE,,,,,
TRUE,,,FALSE,FALSE,,,,,
TRUE,,,FALSE,FALSE,,,,,
TRUE,,,FALSE,FALSE,,,,,
TRUE,,,FALSE,FALSE,,,,,
TRUE,,,FALSE,FALSE,,,,,
TRUE,,,FALSE,FALSE,,,,,
TRUE,2,,FALSE,FALSE,,,,,
TRUE,,,FALSE,FALSE,,,,,
TRUE,,,FALSE,FALSE,,,,,
TRUE,,,FALSE,FALSE,,,,,
TRUE,,,FALSE,FALSE,,,,,
TRUE,,,FALSE,FALSE,,,,,
TRUE,,,FALSE,FALSE,,,,,
TRUE,,,FALSE,FALSE,,,,,
TRUE,,,FALSE,FALSE,,,,,
TRUE,,,FALSE,FALSE,,,,,
TRUE,,,FALSE,FALSE,,,,,
TRUE,,,FALSE,FALSE,,,,,
TRUE,,,FALSE,FALSE,,,,,
TRUE,,,FALSE,FALSE,,,,,
TRUE,,,FALSE,FALSE,,,,,
TRUE,,,FALSE,FALSE,,,,,
TRUE,,,FALSE,FALSE,,,,,
TRUE,,,FALSE,FALSE,,,,,
TRUE,,,FALSE,FALSE,,,,,
TRUE,,,FALSE,FALSE,,,,,
TRUE,3,,FALSE,FALSE,,,,,
TRUE,,,FALSE,FALSE,,,,,
TRUE,,,FALSE,FALSE,,,,,
TRUE,,,FALSE,FALSE,,,,,
TRUE,,,FALSE,FALSE,,,,,
TRUE,,,FALSE,FALSE,,,,,
TRUE,,,FALSE,FALSE,,,,,
TRUE,,,FALSE,FALSE,,,,,
TRUE,,,FALSE,FALSE,,,,,
TRUE,,,FALSE,FALSE,,,,,
TRUE,,,FALSE,FALSE,,,,,
TRUE,,,FALSE,FALSE,,,,,
TRUE,,,FALSE,FALSE,,,,,
TRUE,,,FALSE,FALSE,,,,,
TRUE,,,FALSE,FALSE,,,,,
TRUE,,,FALSE,FALSE,,,,,
TRUE,,,FALSE,FALSE,,,,,
TRUE,,,FALSE,FALSE,,,,,
TRUE,,,FALSE,FALSE,,,,,
TRUE,,,FALSE,FALSE,,,,,
TRUE,4,,FALSE,FALSE,,,,,
TRUE,,,FALSE,FALSE,,,,,
TRUE,,,FALSE,FALSE,,,,,
TRUE,,,FALSE,FALSE,,,,,
TRUE,,,FALSE,FALSE,,,,,
TRUE,,,FALSE,FALSE,,,,,
TRUE,,,FALSE,FALSE,,,,,
TRUE,,,FALSE,FALSE,,,,,
TRUE,,,FALSE,FALSE,,,,,
TRUE,,,FALSE,FALSE,,,,,
TRUE,5,,FALSE,FALSE,,,,,
TRUE,,,FALSE,FALSE,,,,,
TRUE,,,FALSE,FALSE,,,,,
TRUE,,,FALSE,FALSE,,,,,
TRUE,,,FALSE,FALSE,,,,,
TRUE,,,FALSE,FALSE,,,,,
TRUE,,,FALSE,FALSE,,,,,
TRUE,,,FALSE,FALSE,,,,,
TRUE,,,FALSE,FALSE,,,,,
TRUE,,,FALSE,FALSE,,,,,
TRUE,6,,FALSE,FALSE,,,,,
TRUE,,,FALSE,FALSE,,,,,
TRUE,,,FALSE,FALSE,,,,,
TRUE,,,FALSE,FALSE,,,,,
TRUE,,,FALSE,FALSE,,,,,
TRUE,,,FALSE,FALSE,,,,,
TRUE,,,FALSE,FALSE,,,,,
TRUE,,,FALSE,FALSE,,,,,
TRUE,,,FALSE,FALSE,,,,,
TRUE,,,FALSE,FALSE,,,,,
TRUE,1,,FALSE,FALSE,,,,,
TRUE,,,FALSE,FALSE,,,,,
TRUE,,,FALSE,FALSE,,,,,
TRUE,,,FALSE,FALSE,,,,,
TRUE,,,FALSE,FALSE,,,,,
TRUE,,,FALSE,FALSE,,,,,
TRUE,,,FALSE,FALSE,,,,,
TRUE,,,FALSE,FALSE,,,,,
TRUE,,,FALSE,FALSE,,,,,
TRUE,,,FALSE,FALSE,,,,,
TRUE,,,FALSE,FALSE,,,,,
TRUE,,,FALSE,FALSE,,,,,
TRUE,,,FALSE,FALSE,,,,,
TRUE,,,FALSE,FALSE,,,,,
TRUE,,,FALSE,FALSE,,,,,
TRUE,,,FALSE,FALSE,,,,,
TRUE,,,FALSE,FALSE,,,,,
TRUE,,,FALSE,FALSE,,,,,
TRUE,,,FALSE,FALSE,,,,,
TRUE,,,FALSE,FALSE,,,,,
TRUE,1,1,FALSE,FALSE,,,,,
TRUE,,,FALSE,FALSE,,,,,
TRUE,,,FALSE,FALSE,,,,,
TRUE,,,FALSE,FALSE,,,,,
TRUE,,,FALSE,FALSE,,,,,
TRUE,,,FALSE,FALSE,,,,,
TRUE,,,FALSE,FALSE,,,,,
TRUE,,,FALSE,FALSE,,,,,
TRUE,,,FALSE,FALSE,,,,,
TRUE,,,FALSE,FALSE,,,,,
TRUE,,,FALSE,FALSE,,,,,
TRUE,,,FALSE,FALSE,,,,,
TRUE,,,FALSE,FALSE,,,,,
TRUE,,,FALSE,FALSE,,,,,
TRUE,,,FALSE,FALSE,,,,,
TRUE,,,FALSE,FALSE,,,,,
TRUE,,,FALSE,FALSE,,,,,
TRUE,,,FALSE,FALSE,,,,,
TRUE,,,FALSE,FALSE,,,,,
TRUE,,,FALSE,FALSE,,,,,
TRUE,0,0,FALSE,FALSE,,,,,
TRUE,,,FALSE,FALSE,,,,,
TRUE,,,FALSE,FALSE,,,,,
TRUE,,,FALSE,FALSE,,,,,
TRUE,,,FALSE,FALSE,,,,,
TRUE,,,FALSE,FALSE,,,,,
TRUE,,,FALSE,FALSE,,,,,
TRUE,,,FALSE,FALSE,,,,,
TRUE,,,FALSE,FALSE,,,,,
TRUE,,,FALSE,FALSE,,,,,
TRUE,,,FALSE,FALSE,,,,,
TRUE,,,FALSE,FALSE,,,,,
TRUE,,,FALSE,FALSE,,,,,
TRUE,,,FALSE,FALSE,,,,,
TRUE,,,FALSE,FALSE,,,,,
TRUE,,,FALSE,FALSE,,,,,
TRUE,,,FALSE,FALSE,,,,,
TRUE,,,FALSE,FALSE,,,,,
TRUE,,,FALSE,FALSE,,,,,
TRUE,,,FALSE,FALSE,,,,,
TRUE,,,FALSE,TRUE,,,,,
TRUE,,,FALSE,FALSE,,,,,
TRUE,,,FALSE,FALSE,,,,,
TRUE,,,FALSE,FALSE,,,,,
TRUE,,,FALSE,FALSE,,,,,
TRUE,,,FALSE,FALSE,,,,,
TRUE,,,FALSE,FALSE,,,,,
TRUE,,,FALSE,FALSE,,,,,
TRUE,,,FALSE,FALSE,,,,,
TRUE,,,FALSE,FALSE,,,,,
TRUE,,,FALSE,FALSE,,,,,
TRUE,,,FALSE,FALSE,,,,,
TRUE,,,FALSE,FALSE,,,,,
TRUE,,,FALSE,FALSE,,,,,
TRUE,,,FALSE,FALSE,,,,,
TRUE,,,FALSE,FALSE,,,,,
TRUE,,,FALSE,FALSE,,,,,
TRUE,,,FALSE,FALSE,,,,,
TRUE,,,FALSE,FALSE,,,,,
TRUE,,,FALSE,FALSE,,,,,
TRUE,,,FALSE,FALSE,,,,,
TRUE,,,FALSE,FALSE,,,,,
TRUE,,,FALSE,FALSE,,,,,
TRUE,,,FALSE,FALSE,,,,,
TRUE,,,FALSE,FALSE,,,,,
TRUE,,,FALSE,FALSE,,,,,
TRUE,,,FALSE,FALSE,,,,,
TRUE,,,FALSE,FALSE,,,,,
TRUE,,,FALSE,FALSE,,,,,
TRUE,,,FALSE,FALSE,,,,,
TRUE,,,FALSE,FALSE,,,,,
FALSE,,,,,,,,,
FALSE,,,,,,,,,
FALSE,,,,,,,,,
FALSE,,,,,,,,,
FALSE,,,,,,,,,
FALSE,,,,,,,,,
FALSE,,,,,,,,,
FALSE,,,,,,,,,
FALSE,,,,,,,,,
FALSE,,,,,,,,,
FALSE,,,,,,,,,
FALSE,,,,,,,,,
FALSE,,,,,,,,,
FALSE,,,,,,,,,
FALSE,,,,,,,,,
FALSE,,,,,,,,,
FALSE,,,,,,,,,
FALSE,,,,,,,,,
FALSE,,,,,,,,,
FALSE,,,,,,,,,
FALSE,,,,,,,,,
FALSE,,,,,,,,,
FALSE,,,,,,,,,
FALSE,,,,,,,,,
FALSE,,,,,,,,,
FALSE,,,,,,,,,
FALSE,,,,,,,,,
FALSE,,,,,,,,,
FALSE,,,,,,,,,
FALSE,,,,,,,,,